iteration,qg
1,0.5746892421817521
2,0.6024776651798764
3,0.6032043622544702
4,0.6032043622544702
