iteration,qg
1,0.4887675587886959
2,0.5013692803533216
3,0.5023937978027406
4,0.5021524388177232
5,0.5026694454561986
6,0.5182262369766006
7,0.5182213969309721
8,0.5182201228703602
9,0.5182197830202553
10,0.5182196909473737
11,0.5182196655591539
12,0.5182196584221106
13,0.5182196563745213
14,0.518219655774848
15,0.5182196555956712
16,0.5182196555411239
17,0.5182196555242362
18,0.5182196555189307
