iteration,qg
1,0.4390112834900186
2,0.43892982044760526
3,0.4389716996177143
4,0.4389974627948777
5,0.4390080186657788
6,0.43901186504612677
7,0.4390132017883394
8,0.43901365647261437
9,0.439013809551553
10,0.43901386083082267
11,0.43901387796607666
12,0.43901388368485594
13,0.4390138855922871
14,0.4390138862282927
15,0.4390138864403271
16,0.43901388651101064
17,0.43901388653457274
